Patient ID,Testing Date,Data Zone
P-11,Jan-18,DZ-17
P-3,Jan-21,DZ-10
P-14,Jan-21,DZ-17
P-5,Jan-24,DZ-10
P-13,Jan-24,DZ-1
P-8,Jan-24,DZ-10
P-2,Jan-24,DZ-2
P-9,Jan-24,DZ-18
P-4,Jan-28,DZ-18
P-24,Jan-28,DZ-4
P-18,Jan-28,DZ-17
P-12,Jan-28,DZ-15
P-7,Jan-28,DZ-10
P-6,Jan-28,DZ-14
P-19,Jan-31,DZ-19
P-1,Jan-31,DZ-10
P-21,Jan-31,DZ-18
P-22,Jan-31,DZ-7
P-17,Jan-31,DZ-15
P-20,Jan-31,DZ-15
P-23,Jan-31,DZ-1
P-26,Jan-31,DZ-15
P-15,Jan-31,DZ-5
P-10,Jan-31,DZ-14
P-25,Jan-31,DZ-2
P-16,Jan-31,DZ-17
